trait_x,trait_y,vc_name,m,var,seV,pve,seP,enrichment,seE,example1-3-2,1x2,2x2,example1-3-2,1x2,2x2,err
1,1,example1-3-2,1,38.201,4.4909,0.589583,0.0624771,2.93629,0.253887,0.0644585,-0.0426343,-0.0218242,20.1682,-1.1252,-0.660428,-11.841
1,1,1x2,1,0.584153,2.26384,0.00901565,0.0346143,0.0449005,0.170854,-0.0426343,0.0291911,0.0134432,-1.1252,5.12498,2.35988,-1.04309
1,1,2x2,1,0.244713,1.20708,0.00377683,0.0185104,0.0188097,0.0915475,-0.0218242,0.0134432,0.00838095,-0.660428,2.35988,1.45704,-0.672719
1,1,err,NA,25.7633,3.24465,0.397624,0.0592245,NA,NA,NA,NA,NA,-11.841,-1.04309,-0.672719,10.5278
