trait,covar,blue,se,pval
1,intercept,0.0677169,0.0397592,0.0885354
2,intercept,0.159383,0.0413797,0.000117295
