vc_name,trait_x,trait_y,cor,se
example1-3-2,2,1,0.1968,0.115513
1x2,2,1,0.0288779,0.216609
2x2,2,1,-0.0546479,0.122083
err,2,1,-0.102747,0.0631509
G,2,1,0.0969646,0.0996782
